rsid,risk_variant,population,af_candidate,af_risk,r2,d_prime,r2_max_possible,frac_of_max
rs136204,G1 rs73885319,YRI,0.3519,0.375,0.0627,0.4386,0.9048,0.069
rs136204,G1 rs60910145,YRI,0.3519,0.375,0.0627,0.4386,0.9048,0.069
rs136204,G2 6bp del,MSL,0.3765,0.1824,0.0925,0.8286,0.3694,0.25
rs183925240,G1 rs73885319,YRI,0.0556,0.375,0.0353,1.0,0.098,0.36
rs183925240,G1 rs60910145,YRI,0.0556,0.375,0.0353,1.0,0.098,0.36
rs183925240,G2 6bp del,MSL,0.0941,0.1824,0.01,0.6573,0.4659,0.021
rs6000250,G1 rs73885319,GWD,0.2345,0.2434,0.0469,0.6899,0.9525,0.049
rs6000250,G1 rs60910145,GWD,0.2345,0.2434,0.0469,0.6899,0.9525,0.049
rs6000250,G2 6bp del,MSL,0.2353,0.1824,0.1767,0.4938,0.7248,0.244
rs4820232,G1 rs73885319,ESN,0.1616,0.4949,0.1055,0.7474,0.1967,0.537
rs4820232,G1 rs60910145,ESN,0.1616,0.4949,0.1055,0.7474,0.1967,0.537
rs4820232,G2 6bp del,GWD,0.2212,0.1947,0.0434,0.7945,0.851,0.051
rs713797,G1 rs73885319,ESN,0.4596,0.4949,0.0699,0.2895,0.8678,0.081
rs713797,G1 rs60910145,ESN,0.4596,0.4949,0.0699,0.2895,0.8678,0.081
rs713797,G2 6bp del,ASW,0.3279,0.0984,0.0323,0.3801,0.2236,0.144
rs132708,G1 rs73885319,ESN,0.8485,0.4949,0.0621,0.5959,0.175,0.355
rs132708,G1 rs60910145,ESN,0.8485,0.4949,0.0621,0.5959,0.175,0.355
rs132708,G2 6bp del,MSL,0.8118,0.1824,0.0223,0.6573,0.0517,0.432
rs5750234,G1 rs73885319,MSL,0.8235,0.1235,0.0302,1.0,0.0302,1.0
rs5750234,G1 rs60910145,MSL,0.8235,0.1235,0.0302,1.0,0.0302,1.0
rs5750234,G2 6bp del,GWD,0.8628,0.1947,0.0268,0.8343,0.0384,0.696
rs132754,G1 rs73885319,ESN,0.8131,0.4949,0.1376,0.7816,0.2252,0.611
rs132754,G1 rs60910145,ESN,0.8131,0.4949,0.1376,0.7816,0.2252,0.611
rs132754,G2 6bp del,MSL,0.8176,0.1824,0.0497,1.0,0.0497,1.0
rs114518164,G1 rs73885319,YRI,0.0833,0.375,0.0091,0.4074,0.1515,0.06
rs114518164,G1 rs60910145,YRI,0.0833,0.375,0.0091,0.4074,0.1515,0.06
rs114518164,G2 6bp del,ESN,0.0758,0.1162,0.0108,1.0,0.6237,0.017
rs132695,G1 rs73885319,YRI,0.9537,0.375,0.0291,1.0,0.0291,1.0
rs132695,G1 rs60910145,YRI,0.9537,0.375,0.0291,1.0,0.0291,1.0
rs132695,G2 6bp del,GWD,0.9513,0.1947,0.0124,1.0,0.0124,1.0
rs150645785,G1 rs73885319,ASW,0.0082,0.2213,0.0291,1.0,0.0291,1.0
rs150645785,G1 rs60910145,ASW,0.0082,0.2213,0.0291,1.0,0.0291,1.0
rs150645785,G2 6bp del,MSL,0.0176,0.1824,0.0027,0.1847,0.0805,0.034
rs77773194,G1 rs73885319,ASW,0.0328,0.2213,0.055,0.6789,0.1193,0.461
rs77773194,G1 rs60910145,ASW,0.0328,0.2213,0.055,0.6789,0.1193,0.461
rs77773194,G2 6bp del,GWD,0.031,0.1947,0.0077,1.0,0.1322,0.058
rs78440576,G1 rs73885319,ESN,0.0051,0.4949,0.005,1.0,0.0052,0.96
rs78440576,G1 rs60910145,ESN,0.0051,0.4949,0.005,1.0,0.0052,0.96
rs78440576,G2 6bp del,MSL,0.0235,0.1824,0.0054,1.0,0.108,0.05
rs8138011,G1 rs73885319,MSL,0.0588,0.1235,0.0088,1.0,0.4435,0.02
rs8138011,G1 rs60910145,MSL,0.0588,0.1235,0.0088,1.0,0.4435,0.02
rs8138011,G2 6bp del,MSL,0.0588,0.1824,0.0139,1.0,0.2802,0.05
rs148651564,G1 rs73885319,ESN,0.0051,0.4949,0.005,1.0,0.0052,0.96
rs148651564,G1 rs60910145,ESN,0.0051,0.4949,0.005,1.0,0.0052,0.96
rs148651564,G2 6bp del,MSL,0.0118,0.1824,0.0081,0.3885,0.0534,0.151
