rsid,pos,dist_to_gene,af_afr,max_r2_vs_gene,d_prime_at_max,partner_pos,population,verdict
rs114518164,36180470,72540,0.0944,0.2482,0.7867,36265628,ACB,partially correlated
rs6000250,36350756,83226,0.1109,0.1735,0.5087,36259617,YRI,independent
rs4820232,36314496,46966,0.3009,0.1798,0.5463,36259467,ESN,independent
rs713797,36368489,100959,0.3963,0.1197,0.6667,36267489,LWK,independent
rs150645785,36362520,94990,0.0103,0.3643,0.7428,36266712,YRI,partially correlated
rs148651564,36350939,83409,0.0109,1.0,1.0,36260200,YRI,tags the gene haplotype
rs136204,36358116,90586,0.4012,0.0944,0.8004,36266702,LWK,independent
rs132708,36197151,55859,0.8385,0.1245,0.4843,36261386,ASW,independent
rs183925240,36358117,90587,0.0261,0.1147,0.4831,36257229,ASW,independent
rs5750234,36184831,68179,0.7593,0.1118,0.6964,36255267,MSL,independent
rs78440576,36220715,32295,0.029,0.4975,1.0,36259013,ESN,partially correlated
rs132695,36184917,68093,0.8718,0.29,1.0,36260831,YRI,partially correlated
rs132754,36220845,32165,0.7916,0.2214,1.0,36260179,MSL,partially correlated
rs77773194,36311889,44359,0.0316,0.3672,0.656,36265628,GWD,partially correlated
rs8138011,36337378,69848,0.0236,0.6611,1.0,36258968,ASW,partially correlated
