rsid,pos,dist_to_gene,af_afr,podocyte_dnase,max_r2,d_prime_at_max,max_against,verdict
rs4820232,36314496,46966,0.3009,0.9995894432067872,0.1332,0.8397,rs73885319/ESN,independent
rs136204,36358116,90586,0.4012,-0.7665362358093262,0.1082,0.5762,rs73885319/YRI,independent
rs132754,36220845,32165,0.7916,-0.6500253677368164,0.0794,0.5939,rs73885319/ESN,independent
rs132708,36197151,55859,0.8385,-0.7589468955993652,0.0785,0.6699,rs73885319/ESN,independent
rs713797,36368489,100959,0.3963,0.9462056159973145,0.0651,0.2795,rs73885319/ESN,independent
rs132695,36184917,68093,0.8718,-0.6847777366638184,0.0601,0.9997,rs73885319/ACB,independent
rs114518164,36180470,72540,0.0944,-2.213268280029297,0.0,0.0,none above floor,independent
rs6000250,36350756,83226,0.1109,1.5252017974853516,0.0,0.0,none above floor,independent
rs150645785,36362520,94990,0.0103,0.9164881706237792,0.0,0.0,none above floor,independent
rs148651564,36350939,83409,0.0109,0.7718715667724609,0.0,0.0,none above floor,independent
rs183925240,36358117,90587,0.0261,-0.730259895324707,0.0,0.0,none above floor,independent
rs5750234,36184831,68179,0.7593,-0.7001967430114746,0.0,0.0,none above floor,independent
rs78440576,36220715,32295,0.029,0.6943211555480957,0.0,0.0,none above floor,independent
rs77773194,36311889,44359,0.0316,-0.6367816925048828,0.0,0.0,none above floor,independent
rs8138011,36337378,69848,0.0236,0.6010527610778809,0.0,0.0,none above floor,independent
