rsid,pos,dist,in_gene,af_afr,dnase_glomerular_visceral_epithelial_cell,rna_cortex_of_kidney
rs114518164,36180470,72540,False,0.0944109853047458,-2.213268280029297,-0.0014693439006805
rs6000250,36350756,83226,False,0.1109344894026975,1.5252017974853516,0.0002246648073196
rs4820232,36314496,46966,False,0.3009116341886938,0.9995894432067872,-0.0013266205787658
rs713797,36368489,100959,False,0.3962661630103152,0.9462056159973145,0.0002462565898895
rs150645785,36362520,94990,False,0.0103358550571001,0.9164881706237792,3.4749507904052734e-05
rs148651564,36350939,83409,False,0.0108706108706108,0.7718715667724609,-0.0005056858062744
rs136204,36358116,90586,False,0.4011532522679019,-0.7665362358093262,0.000147521495819
rs132708,36197151,55859,False,0.8385145556198188,-0.7589468955993652,-0.0011716485023498
rs183925240,36358117,90587,False,0.0261242589290017,-0.730259895324707,-0.0022430270910263
rs5750234,36184831,68179,False,0.7592574734811958,-0.7001967430114746,0.0007579326629638
rs78440576,36220715,32295,False,0.0289656168737359,0.6943211555480957,0.0010232329368591
rs132695,36184917,68093,False,0.8718022835669894,-0.6847777366638184,-0.0004763901233673
rs132754,36220845,32165,False,0.7915983804106815,-0.6500253677368164,-0.0010076761245727
rs77773194,36311889,44359,False,0.0316428261811876,-0.6367816925048828,-0.0015680491924285
rs8138011,36337378,69848,False,0.0235619735258724,0.6010527610778809,0.0017016530036926
