rsid,pos,dist_to_tss,in_gene,af_afr,rna_cortex_of_kidney,dnase_glomerular_visceral_epithelial_cell
rs136163,36261582,8572,True,0.9510853835021708,-0.0318205952644348,0.0203185081481933
rs529136671,36266912,13902,True,0.0329829298871636,0.0199794173240661,0.0700321197509765
rs1142564,36267353,14343,True,0.011478486861103,-0.0180241614580154,-0.0027546882629394
rs9610472,36266325,13315,True,0.0296824555485953,-0.0127613842487335,-0.0083224773406982
rs1447131209,36255279,2269,True,0.052367816091954,-0.0103953182697296,-0.030397891998291
rs9610473,36266331,13321,True,0.0295959158117805,-0.0087526142597198,-0.0136446952819824
rs136153,36259467,6457,True,0.4212217872504953,-0.0085514187812805,0.2427120208740234
rs6000220,36253920,910,True,0.1576867469879518,0.0081759095191955,0.3232221603393554
rs115877308,36254175,1165,True,0.0367132022607603,-0.0080348253250122,-0.1555061340332031
rs66473469,36266608,13598,True,0.114714960933732,0.0078876614570617,0.0281860828399658
rs199758040,36255025,2015,True,0.0103908715707696,-0.0074081718921661,-0.1677284240722656
rs136165,36263525,10515,True,0.9507723401183774,-0.0072704255580902,-0.1882681846618652
rs138717776,36253510,500,True,0.0142197199364804,0.0071683526039123,0.0176525115966796
rs78523,36267202,14192,True,0.960574513206092,0.0070389509201049,-0.0022196769714355
rs1333086114,36266904,13894,True,0.0109294395383404,-0.0068292915821075,0.0016582012176513
rs73403863,36258736,5726,True,0.0202156334231805,0.0067672729492187,-0.0367026329040527
rs144400046,36272274,19264,False,0.0125386548125241,-0.0066639482975006,-0.0281481742858886
rs73403866,36259582,6572,True,0.0105029870880709,0.0065734982490539,0.113290786743164
rs136166,36264462,11452,True,0.8857008466603951,0.006454050540924,-0.0338964462280273
rs3886200,36267581,14571,False,0.5115000968429207,0.0059002190828323,0.0037007331848144
